"plotNumber","evenness"
1,0.935893280949401
2,0.873479027870177
3,NA
4,NA
5,NA
6,0.87635763948985
7,NA
8,NA
