"plotNumber","entropy"
1,0
2,0.391243563629256
3,0.175565025857503
4,0
5,0
