"plotNumber","entropy"
1,1.78415912785142
2,2.35538854220753
3,0
4,0.91829583405449
5,2
6,2.32440939317156
7,2.32192809488736
8,1
