"plotNumber","entropy"
1,1.78415912785142
2,2.56544837182083
3,0.175565025857503
4,0.91829583405449
5,2
6,2.58582793914304
7,2.32192809488736
8,1.58496250072116
