"plotNumber","entropy"
1,1.48335575498169
2,1.3844315043406
3,0
4,0
5,0
6,1.7527152789797
7,0
8,0
